Train No.,train Name,islno,station Code,Station Name,Arrival time,Departure time,Distance,Source Station Code,source Station Name,Destination station Code,Destination Station Name
'01153',CSN CSTM T F SP,1,CSN ,CHALISGAON JN  ,'00:00:00','07:45:00',0,CSN ,CHALISGAON JN  ,CSTM,MUMBAI CST     
'01153',CSN CSTM T F SP,2,NGN ,NANDGAON       ,'08:16:00','08:17:00',43,CSN ,CHALISGAON JN  ,CSTM,MUMBAI CST     
'01153',CSN CSTM T F SP,3,MMR ,MANMAD JN      ,'08:50:00','09:00:00',68,CSN ,CHALISGAON JN  ,CSTM,MUMBAI CST     
'01153',CSN CSTM T F SP,4,LS  ,LASALGAON      ,'09:18:00','09:19:00',93,CSN ,CHALISGAON JN  ,CSTM,MUMBAI CST     
'01153',CSN CSTM T F SP,5,NK  ,NASIK ROAD     ,'09:52:00','09:55:00',141,CSN ,CHALISGAON JN  ,CSTM,MUMBAI CST     
'01153',CSN CSTM T F SP,6,DVL ,DEVLALI        ,'10:01:00','10:03:00',147,CSN ,CHALISGAON JN  ,CSTM,MUMBAI CST     
'01153',CSN CSTM T F SP,7,IGP ,IGATPURI       ,'11:10:00','11:15:00',191,CSN ,CHALISGAON JN  ,CSTM,MUMBAI CST     
'01153',CSN CSTM T F SP,8,KSRA,KASARA         ,'11:44:00','11:45:00',207,CSN ,CHALISGAON JN  ,CSTM,MUMBAI CST     
'01153',CSN CSTM T F SP,9,KYN ,KALYAN JN      ,'12:45:00','12:48:00',275,CSN ,CHALISGAON JN  ,CSTM,MUMBAI CST     
'01153',CSN CSTM T F SP,10,TNA ,THANE          ,'13:09:00','13:11:00',295,CSN ,CHALISGAON JN  ,CSTM,MUMBAI CST     
'01153',CSN CSTM T F SP,11,DR  ,DADAR          ,'13:34:00','13:35:00',319,CSN ,CHALISGAON JN  ,CSTM,MUMBAI CST     
'01153',CSN CSTM T F SP,12,CSTM,MUMBAI CST     ,'13:45:00','00:00:00',328,CSN ,CHALISGAON JN  ,CSTM,MUMBAI CST     
'12219',SC DURONTO EXP ,1,LTT ,LOKMANYATILAK T,'00:00:00','23:05:00',0,LTT ,LOKMANYATILAK T,SC  ,SECUNDERABAD JN
'12219',SC DURONTO EXP ,2,PUNE,PUNE JN        ,'00:20:00','00:22:00',158,LTT ,LOKMANYATILAK T,SC  ,SECUNDERABAD JN
'12219',SC DURONTO EXP ,3,SUR ,SOLAPUR JN     ,'04:15:00','04:25:00',422,LTT ,LOKMANYATILAK T,SC  ,SECUNDERABAD JN
'12219',SC DURONTO EXP ,4,WADI,WADI           ,'06:30:00','06:32:00',572,LTT ,LOKMANYATILAK T,SC  ,SECUNDERABAD JN
'12219',SC DURONTO EXP ,5,VKB ,VIKARABAD JN   ,'08:30:00','08:32:00',683,LTT ,LOKMANYATILAK T,SC  ,SECUNDERABAD JN
'12219',SC DURONTO EXP ,6,SC  ,SECUNDERABAD JN,'11:05:00','00:00:00',773,LTT ,LOKMANYATILAK T,SC  ,SECUNDERABAD JN
'12286',NZM SC DURONTO ,1,NZM ,H NIZAMUDDIN   ,'00:00:00','15:45:00',0,NZM ,H NIZAMUDDIN   ,SC  ,SECUNDERABAD JN
'12286',NZM SC DURONTO ,2,JHS ,JHANSI JN      ,'20:30:00','20:31:00',403,NZM ,H NIZAMUDDIN   ,SC  ,SECUNDERABAD JN
'12286',NZM SC DURONTO ,3,SC  ,SECUNDERABAD JN,'14:00:00','00:00:00',1660,NZM ,H NIZAMUDDIN   ,SC  ,SECUNDERABAD JN
'12769',SEVEN HILLS EXP,1,TPTY,TIRUPATI       ,'00:00:00','15:10:00',0,TPTY,TIRUPATI       ,SC  ,SECUNDERABAD JN
'12769',SEVEN HILLS EXP,2,PAK ,PAKALA JN      ,'15:48:00','15:50:00',42,TPTY,TIRUPATI       ,SC  ,SECUNDERABAD JN
'12769',SEVEN HILLS EXP,3,PIL ,PILER          ,'16:31:00','16:32:00',83,TPTY,TIRUPATI       ,SC  ,SECUNDERABAD JN
'12769',SEVEN HILLS EXP,4,KCI ,KALIKIRI       ,'17:01:00','17:02:00',98,TPTY,TIRUPATI       ,SC  ,SECUNDERABAD JN
'12769',SEVEN HILLS EXP,5,MPL ,MADANAPALLE RD ,'17:29:00','17:31:00',125,TPTY,TIRUPATI       ,SC  ,SECUNDERABAD JN
'12769',SEVEN HILLS EXP,6,MCU ,MULACALACHERUVU,'18:10:00','18:12:00',165,TPTY,TIRUPATI       ,SC  ,SECUNDERABAD JN
'12769',SEVEN HILLS EXP,7,KRY ,KADIRI         ,'18:48:00','18:50:00',203,TPTY,TIRUPATI       ,SC  ,SECUNDERABAD JN
'12769',SEVEN HILLS EXP,8,DMM ,DHARMAVARAM JN ,'20:06:00','20:08:00',270,TPTY,TIRUPATI       ,SC  ,SECUNDERABAD JN
'12769',SEVEN HILLS EXP,9,ATP ,ANANTAPUR      ,'20:40:00','20:42:00',303,TPTY,TIRUPATI       ,SC  ,SECUNDERABAD JN
'12769',SEVEN HILLS EXP,10,GY  ,GOOTY          ,'21:43:00','21:45:00',360,TPTY,TIRUPATI       ,SC  ,SECUNDERABAD JN
'12769',SEVEN HILLS EXP,11,DHNE,DHONE          ,'22:55:00','23:00:00',416,TPTY,TIRUPATI       ,SC  ,SECUNDERABAD JN
'12769',SEVEN HILLS EXP,12,KRNT,KURNOOL CITY   ,'23:50:00','23:52:00',469,TPTY,TIRUPATI       ,SC  ,SECUNDERABAD JN
'12769',SEVEN HILLS EXP,13,GWD ,GADWAL         ,'00:33:00','00:35:00',525,TPTY,TIRUPATI       ,SC  ,SECUNDERABAD JN
'12769',SEVEN HILLS EXP,14,SRNR,SRIRAMNAGAR    ,'00:45:00','00:46:00',537,TPTY,TIRUPATI       ,SC  ,SECUNDERABAD JN
'12769',SEVEN HILLS EXP,15,MBNR,MAHBUBNAGAR    ,'01:35:00','01:37:00',599,TPTY,TIRUPATI       ,SC  ,SECUNDERABAD JN
'12769',SEVEN HILLS EXP,16,KCG ,KACHEGUDA      ,'03:50:00','03:52:00',705,TPTY,TIRUPATI       ,SC  ,SECUNDERABAD JN
'12769',SEVEN HILLS EXP,17,SC  ,SECUNDERABAD JN,'04:05:00','00:00:00',712,TPTY,TIRUPATI       ,SC  ,SECUNDERABAD JN
'17001',SNSI SC EXP    ,1,SNSI,SAINAGAR SHIRDI,'00:00:00','17:10:00',0,SNSI,SAINAGAR SHIRDI,SC  ,SECUNDERABAD JN
'17001',SNSI SC EXP    ,2,PB  ,PUNTAMBA       ,'17:26:00','17:28:00',17,SNSI,SAINAGAR SHIRDI,SC  ,SECUNDERABAD JN
'17001',SNSI SC EXP    ,3,KPG ,KOPARGAON      ,'17:48:00','17:50:00',41,SNSI,SAINAGAR SHIRDI,SC  ,SECUNDERABAD JN
'17001',SNSI SC EXP    ,4,MMR ,MANMAD JN      ,'18:50:00','18:55:00',83,SNSI,SAINAGAR SHIRDI,SC  ,SECUNDERABAD JN
'17001',SNSI SC EXP    ,5,ANKX,ANK MMR DIRECT ,'19:09:00','19:10:00',90,SNSI,SAINAGAR SHIRDI,SC  ,SECUNDERABAD JN
'17001',SNSI SC EXP    ,6,NSL ,NAGARSOL       ,'19:25:00','19:30:00',107,SNSI,SAINAGAR SHIRDI,SC  ,SECUNDERABAD JN
'17001',SNSI SC EXP    ,7,RGO ,ROTEGAON       ,'19:49:00','19:50:00',135,SNSI,SAINAGAR SHIRDI,SC  ,SECUNDERABAD JN
'17001',SNSI SC EXP    ,8,LSR ,LASUR          ,'20:11:00','20:12:00',163,SNSI,SAINAGAR SHIRDI,SC  ,SECUNDERABAD JN
'17001',SNSI SC EXP    ,9,AWB ,AURANGABAD     ,'20:45:00','20:50:00',196,SNSI,SAINAGAR SHIRDI,SC  ,SECUNDERABAD JN
'17001',SNSI SC EXP    ,10,J   ,JALNA          ,'21:43:00','21:45:00',259,SNSI,SAINAGAR SHIRDI,SC  ,SECUNDERABAD JN
'17001',SNSI SC EXP    ,11,PTU ,PARTUR         ,'22:20:00','22:21:00',304,SNSI,SAINAGAR SHIRDI,SC  ,SECUNDERABAD JN
'17001',SNSI SC EXP    ,12,SELU,SELU           ,'22:40:00','22:41:00',331,SNSI,SAINAGAR SHIRDI,SC  ,SECUNDERABAD JN
'17001',SNSI SC EXP    ,13,MVO ,MANWATH ROAD   ,'22:54:00','22:55:00',346,SNSI,SAINAGAR SHIRDI,SC  ,SECUNDERABAD JN
'17001',SNSI SC EXP    ,14,PBN ,PARBHANI JN    ,'23:45:00','23:55:00',374,SNSI,SAINAGAR SHIRDI,SC  ,SECUNDERABAD JN
'17001',SNSI SC EXP    ,15,GNH ,GANGAKHER      ,'00:29:00','00:30:00',408,SNSI,SAINAGAR SHIRDI,SC  ,SECUNDERABAD JN
'17001',SNSI SC EXP    ,16,PRLI,PARLI VAIJNATH ,'01:45:00','01:55:00',437,SNSI,SAINAGAR SHIRDI,SC  ,SECUNDERABAD JN
'17001',SNSI SC EXP    ,17,LTRR,LATUR ROAD     ,'03:12:00','03:13:00',500,SNSI,SAINAGAR SHIRDI,SC  ,SECUNDERABAD JN
'17001',SNSI SC EXP    ,18,UDGR,UDGIR          ,'03:50:00','03:51:00',533,SNSI,SAINAGAR SHIRDI,SC  ,SECUNDERABAD JN
'17001',SNSI SC EXP    ,19,BHLK,BHALKI         ,'04:38:00','04:39:00',576,SNSI,SAINAGAR SHIRDI,SC  ,SECUNDERABAD JN
'17001',SNSI SC EXP    ,20,BIDR,BIDAR          ,'05:08:00','05:10:00',614,SNSI,SAINAGAR SHIRDI,SC  ,SECUNDERABAD JN
'17001',SNSI SC EXP    ,21,ZB  ,ZAHIRABAD      ,'05:53:00','05:55:00',645,SNSI,SAINAGAR SHIRDI,SC  ,SECUNDERABAD JN
'17001',SNSI SC EXP    ,22,VKB ,VIKARABAD JN   ,'07:20:00','07:30:00',705,SNSI,SAINAGAR SHIRDI,SC  ,SECUNDERABAD JN
'17001',SNSI SC EXP    ,23,SKP ,SHANKARPALLI   ,'08:00:00','08:01:00',733,SNSI,SAINAGAR SHIRDI,SC  ,SECUNDERABAD JN
'17001',SNSI SC EXP    ,24,LPI ,LINGAMPALLI    ,'08:23:00','08:25:00',754,SNSI,SAINAGAR SHIRDI,SC  ,SECUNDERABAD JN
'17001',SNSI SC EXP    ,25,BMT ,BEGAMPET       ,'08:45:00','08:47:00',772,SNSI,SAINAGAR SHIRDI,SC  ,SECUNDERABAD JN
'17001',SNSI SC EXP    ,26,SC  ,SECUNDERABAD JN,'09:25:00','00:00:00',776,SNSI,SAINAGAR SHIRDI,SC  ,SECUNDERABAD JN
'17002',SC SNSI EXP    ,1,SC  ,SECUNDERABAD JN,'00:00:00','16:40:00',0,SC  ,SECUNDERABAD JN,SNSI,SAINAGAR SHIRDI
'17002',SC SNSI EXP    ,2,BMT ,BEGAMPET       ,'16:58:00','17:00:00',5,SC  ,SECUNDERABAD JN,SNSI,SAINAGAR SHIRDI
'17002',SC SNSI EXP    ,3,LPI ,LINGAMPALLI    ,'17:31:00','17:32:00',23,SC  ,SECUNDERABAD JN,SNSI,SAINAGAR SHIRDI
'17002',SC SNSI EXP    ,4,SKP ,SHANKARPALLI   ,'17:54:00','17:55:00',44,SC  ,SECUNDERABAD JN,SNSI,SAINAGAR SHIRDI
'17002',SC SNSI EXP    ,5,VKB ,VIKARABAD JN   ,'18:20:00','18:25:00',72,SC  ,SECUNDERABAD JN,SNSI,SAINAGAR SHIRDI
'17002',SC SNSI EXP    ,6,ZB  ,ZAHIRABAD      ,'19:29:00','19:30:00',132,SC  ,SECUNDERABAD JN,SNSI,SAINAGAR SHIRDI
'17002',SC SNSI EXP    ,7,BIDR,BIDAR          ,'20:10:00','20:15:00',163,SC  ,SECUNDERABAD JN,SNSI,SAINAGAR SHIRDI
'17002',SC SNSI EXP    ,8,BHLK,BHALKI         ,'20:51:00','20:52:00',200,SC  ,SECUNDERABAD JN,SNSI,SAINAGAR SHIRDI
'17002',SC SNSI EXP    ,9,UDGR,UDGIR          ,'21:38:00','21:39:00',244,SC  ,SECUNDERABAD JN,SNSI,SAINAGAR SHIRDI
'17002',SC SNSI EXP    ,10,LTRR,LATUR ROAD     ,'22:10:00','22:11:00',277,SC  ,SECUNDERABAD JN,SNSI,SAINAGAR SHIRDI
'17002',SC SNSI EXP    ,11,PRLI,PARLI VAIJNATH ,'00:05:00','00:15:00',340,SC  ,SECUNDERABAD JN,SNSI,SAINAGAR SHIRDI
'17002',SC SNSI EXP    ,12,GNH ,GANGAKHER      ,'00:39:00','00:40:00',369,SC  ,SECUNDERABAD JN,SNSI,SAINAGAR SHIRDI
'17002',SC SNSI EXP    ,13,PBN ,PARBHANI JN    ,'01:20:00','01:30:00',403,SC  ,SECUNDERABAD JN,SNSI,SAINAGAR SHIRDI
'17002',SC SNSI EXP    ,14,MVO ,MANWATH ROAD   ,'01:54:00','01:55:00',431,SC  ,SECUNDERABAD JN,SNSI,SAINAGAR SHIRDI
'17002',SC SNSI EXP    ,15,SELU,SELU           ,'02:09:00','02:10:00',446,SC  ,SECUNDERABAD JN,SNSI,SAINAGAR SHIRDI
'17002',SC SNSI EXP    ,16,PTU ,PARTUR         ,'02:44:00','02:45:00',473,SC  ,SECUNDERABAD JN,SNSI,SAINAGAR SHIRDI
'17002',SC SNSI EXP    ,17,J   ,JALNA          ,'03:25:00','03:27:00',518,SC  ,SECUNDERABAD JN,SNSI,SAINAGAR SHIRDI
'17002',SC SNSI EXP    ,18,AWB ,AURANGABAD     ,'04:55:00','05:00:00',581,SC  ,SECUNDERABAD JN,SNSI,SAINAGAR SHIRDI
'17002',SC SNSI EXP    ,19,LSR ,LASUR          ,'05:29:00','05:30:00',614,SC  ,SECUNDERABAD JN,SNSI,SAINAGAR SHIRDI
'17002',SC SNSI EXP    ,20,RGO ,ROTEGAON       ,'05:59:00','06:00:00',642,SC  ,SECUNDERABAD JN,SNSI,SAINAGAR SHIRDI
'17002',SC SNSI EXP    ,21,NSL ,NAGARSOL       ,'06:40:00','06:45:00',669,SC  ,SECUNDERABAD JN,SNSI,SAINAGAR SHIRDI
'17002',SC SNSI EXP    ,22,ANKX,ANK MMR DIRECT ,'06:50:00','06:51:00',687,SC  ,SECUNDERABAD JN,SNSI,SAINAGAR SHIRDI
'17002',SC SNSI EXP    ,23,MMR ,MANMAD JN      ,'07:25:00','07:30:00',694,SC  ,SECUNDERABAD JN,SNSI,SAINAGAR SHIRDI
'17002',SC SNSI EXP    ,24,KPG ,KOPARGAON      ,'08:23:00','08:25:00',736,SC  ,SECUNDERABAD JN,SNSI,SAINAGAR SHIRDI
'17002',SC SNSI EXP    ,25,PB  ,PUNTAMBA       ,'08:45:00','08:47:00',760,SC  ,SECUNDERABAD JN,SNSI,SAINAGAR SHIRDI
'17002',SC SNSI EXP    ,26,SNSI,SAINAGAR SHIRDI,'09:15:00','00:00:00',776,SC  ,SECUNDERABAD JN,SNSI,SAINAGAR SHIRDI
'17205',SNSI CCT EXP   ,1,SNSI,SAINAGAR SHIRDI,'00:00:00','17:10:00',0,SNSI,SAINAGAR SHIRDI,CCT ,KAKINADA TOWN  
'17205',SNSI CCT EXP   ,2,PB  ,PUNTAMBA       ,'17:26:00','17:28:00',17,SNSI,SAINAGAR SHIRDI,CCT ,KAKINADA TOWN  
'17205',SNSI CCT EXP   ,3,KPG ,KOPARGAON      ,'17:48:00','17:50:00',41,SNSI,SAINAGAR SHIRDI,CCT ,KAKINADA TOWN  
'17205',SNSI CCT EXP   ,4,MMR ,MANMAD JN      ,'18:50:00','18:55:00',83,SNSI,SAINAGAR SHIRDI,CCT ,KAKINADA TOWN  
'17205',SNSI CCT EXP   ,5,ANKX,ANK MMR DIRECT ,'19:06:00','19:07:00',90,SNSI,SAINAGAR SHIRDI,CCT ,KAKINADA TOWN  
'17205',SNSI CCT EXP   ,6,NSL ,NAGARSOL       ,'19:25:00','19:30:00',107,SNSI,SAINAGAR SHIRDI,CCT ,KAKINADA TOWN  
'17205',SNSI CCT EXP   ,7,RGO ,ROTEGAON       ,'19:49:00','19:50:00',135,SNSI,SAINAGAR SHIRDI,CCT ,KAKINADA TOWN  
'17205',SNSI CCT EXP   ,8,LSR ,LASUR          ,'20:11:00','20:12:00',163,SNSI,SAINAGAR SHIRDI,CCT ,KAKINADA TOWN  
'17205',SNSI CCT EXP   ,9,AWB ,AURANGABAD     ,'20:45:00','20:50:00',196,SNSI,SAINAGAR SHIRDI,CCT ,KAKINADA TOWN  
'17205',SNSI CCT EXP   ,10,J   ,JALNA          ,'21:43:00','21:45:00',259,SNSI,SAINAGAR SHIRDI,CCT ,KAKINADA TOWN  
'17205',SNSI CCT EXP   ,11,PTU ,PARTUR         ,'22:20:00','22:21:00',304,SNSI,SAINAGAR SHIRDI,CCT ,KAKINADA TOWN  
'17205',SNSI CCT EXP   ,12,SELU,SELU           ,'22:40:00','22:41:00',331,SNSI,SAINAGAR SHIRDI,CCT ,KAKINADA TOWN  
'17205',SNSI CCT EXP   ,13,MVO ,MANWATH ROAD   ,'22:54:00','22:55:00',346,SNSI,SAINAGAR SHIRDI,CCT ,KAKINADA TOWN  
'17205',SNSI CCT EXP   ,14,PBN ,PARBHANI JN    ,'23:45:00','23:55:00',374,SNSI,SAINAGAR SHIRDI,CCT ,KAKINADA TOWN  
'17205',SNSI CCT EXP   ,15,GNH ,GANGAKHER      ,'00:29:00','00:30:00',408,SNSI,SAINAGAR SHIRDI,CCT ,KAKINADA TOWN  
'17205',SNSI CCT EXP   ,16,PRLI,PARLI VAIJNATH ,'01:45:00','01:55:00',437,SNSI,SAINAGAR SHIRDI,CCT ,KAKINADA TOWN  
'17205',SNSI CCT EXP   ,17,LTRR,LATUR ROAD     ,'03:12:00','03:13:00',500,SNSI,SAINAGAR SHIRDI,CCT ,KAKINADA TOWN  
'17205',SNSI CCT EXP   ,18,UDGR,UDGIR          ,'03:49:00','03:51:00',533,SNSI,SAINAGAR SHIRDI,CCT ,KAKINADA TOWN  
'17205',SNSI CCT EXP   ,19,BHLK,BHALKI         ,'04:37:00','04:39:00',576,SNSI,SAINAGAR SHIRDI,CCT ,KAKINADA TOWN  
'17205',SNSI CCT EXP   ,20,BIDR,BIDAR          ,'05:08:00','05:10:00',614,SNSI,SAINAGAR SHIRDI,CCT ,KAKINADA TOWN  
'17205',SNSI CCT EXP   ,21,ZB  ,ZAHIRABAD      ,'05:53:00','05:55:00',645,SNSI,SAINAGAR SHIRDI,CCT ,KAKINADA TOWN  
'17205',SNSI CCT EXP   ,22,VKB ,VIKARABAD JN   ,'07:20:00','07:30:00',705,SNSI,SAINAGAR SHIRDI,CCT ,KAKINADA TOWN  
'17205',SNSI CCT EXP   ,23,SKP ,SHANKARPALLI   ,'07:59:00','08:01:00',733,SNSI,SAINAGAR SHIRDI,CCT ,KAKINADA TOWN  
'17205',SNSI CCT EXP   ,24,LPI ,LINGAMPALLI    ,'08:23:00','08:25:00',754,SNSI,SAINAGAR SHIRDI,CCT ,KAKINADA TOWN  
'17205',SNSI CCT EXP   ,25,BMT ,BEGAMPET       ,'08:45:00','08:47:00',772,SNSI,SAINAGAR SHIRDI,CCT ,KAKINADA TOWN  
'17205',SNSI CCT EXP   ,26,SC  ,SECUNDERABAD JN,'09:25:00','09:35:00',776,SNSI,SAINAGAR SHIRDI,CCT ,KAKINADA TOWN  
'17205',SNSI CCT EXP   ,27,KZJ ,KAZIPET JN     ,'11:23:00','11:25:00',908,SNSI,SAINAGAR SHIRDI,CCT ,KAKINADA TOWN  
'17205',SNSI CCT EXP   ,28,WL  ,WARANGAL       ,'11:38:00','11:40:00',918,SNSI,SAINAGAR SHIRDI,CCT ,KAKINADA TOWN  
'17205',SNSI CCT EXP   ,29,MABD,MAHBUBABAD     ,'12:20:00','12:22:00',979,SNSI,SAINAGAR SHIRDI,CCT ,KAKINADA TOWN  
'17205',SNSI CCT EXP   ,30,DKJ ,DORNAKAL JN    ,'12:50:00','12:51:00',1003,SNSI,SAINAGAR SHIRDI,CCT ,KAKINADA TOWN  
'17205',SNSI CCT EXP   ,31,KMT ,KHAMMAM        ,'13:05:00','13:07:00',1026,SNSI,SAINAGAR SHIRDI,CCT ,KAKINADA TOWN  
'17205',SNSI CCT EXP   ,32,MDR ,MADHIRA        ,'13:36:00','13:38:00',1070,SNSI,SAINAGAR SHIRDI,CCT ,KAKINADA TOWN  
'17205',SNSI CCT EXP   ,33,BZA ,VIJAYAWADA JN  ,'15:20:00','15:40:00',1127,SNSI,SAINAGAR SHIRDI,CCT ,KAKINADA TOWN  
'17205',SNSI CCT EXP   ,34,EE  ,ELURU          ,'16:25:00','16:27:00',1186,SNSI,SAINAGAR SHIRDI,CCT ,KAKINADA TOWN  
'17205',SNSI CCT EXP   ,35,TDD ,TADEPALLIGUDEM ,'16:58:00','17:00:00',1234,SNSI,SAINAGAR SHIRDI,CCT ,KAKINADA TOWN  
'17205',SNSI CCT EXP   ,36,NDD ,NIDADAVOLU JN  ,'17:16:00','17:18:00',1254,SNSI,SAINAGAR SHIRDI,CCT ,KAKINADA TOWN  
'17205',SNSI CCT EXP   ,37,KVR ,KOVVUR         ,'17:36:00','17:38:00',1269,SNSI,SAINAGAR SHIRDI,CCT ,KAKINADA TOWN  
'17205',SNSI CCT EXP   ,38,RJY ,RAJAHMUNDRY    ,'17:59:00','18:01:00',1276,SNSI,SAINAGAR SHIRDI,CCT ,KAKINADA TOWN  
'17205',SNSI CCT EXP   ,39,SLO ,SAMALKOT JN    ,'18:50:00','18:52:00',1326,SNSI,SAINAGAR SHIRDI,CCT ,KAKINADA TOWN  
'17205',SNSI CCT EXP   ,40,CCT ,KAKINADA TOWN  ,'19:20:00','00:00:00',1339,SNSI,SAINAGAR SHIRDI,CCT ,KAKINADA TOWN  
'17208',BZA SNSI EXP   ,1,BZA ,VIJAYAWADA JN  ,'00:00:00','10:30:00',0,BZA ,VIJAYAWADA JN  ,SNSI,SAINAGAR SHIRDI
'17208',BZA SNSI EXP   ,2,MDR ,MADHIRA        ,'11:19:00','11:20:00',57,BZA ,VIJAYAWADA JN  ,SNSI,SAINAGAR SHIRDI
'17208',BZA SNSI EXP   ,3,KMT ,KHAMMAM        ,'11:40:00','11:42:00',102,BZA ,VIJAYAWADA JN  ,SNSI,SAINAGAR SHIRDI
'17208',BZA SNSI EXP   ,4,DKJ ,DORNAKAL JN    ,'12:11:00','12:12:00',125,BZA ,VIJAYAWADA JN  ,SNSI,SAINAGAR SHIRDI
'17208',BZA SNSI EXP   ,5,MABD,MAHBUBABAD     ,'12:31:00','12:32:00',149,BZA ,VIJAYAWADA JN  ,SNSI,SAINAGAR SHIRDI
'17208',BZA SNSI EXP   ,6,WL  ,WARANGAL       ,'13:30:00','13:32:00',209,BZA ,VIJAYAWADA JN  ,SNSI,SAINAGAR SHIRDI
'17208',BZA SNSI EXP   ,7,KZJ ,KAZIPET JN     ,'13:50:00','13:52:00',219,BZA ,VIJAYAWADA JN  ,SNSI,SAINAGAR SHIRDI
'17208',BZA SNSI EXP   ,8,SC  ,SECUNDERABAD JN,'16:25:00','16:40:00',351,BZA ,VIJAYAWADA JN  ,SNSI,SAINAGAR SHIRDI
'17208',BZA SNSI EXP   ,9,BMT ,BEGAMPET       ,'16:58:00','17:00:00',355,BZA ,VIJAYAWADA JN  ,SNSI,SAINAGAR SHIRDI
'17208',BZA SNSI EXP   ,10,LPI ,LINGAMPALLI    ,'17:31:00','17:32:00',373,BZA ,VIJAYAWADA JN  ,SNSI,SAINAGAR SHIRDI
'17208',BZA SNSI EXP   ,11,SKP ,SHANKARPALLI   ,'17:54:00','17:55:00',394,BZA ,VIJAYAWADA JN  ,SNSI,SAINAGAR SHIRDI
'17208',BZA SNSI EXP   ,12,VKB ,VIKARABAD JN   ,'18:20:00','18:25:00',422,BZA ,VIJAYAWADA JN  ,SNSI,SAINAGAR SHIRDI
'17208',BZA SNSI EXP   ,13,ZB  ,ZAHIRABAD      ,'19:29:00','19:30:00',482,BZA ,VIJAYAWADA JN  ,SNSI,SAINAGAR SHIRDI
'17208',BZA SNSI EXP   ,14,BIDR,BIDAR          ,'20:10:00','20:15:00',513,BZA ,VIJAYAWADA JN  ,SNSI,SAINAGAR SHIRDI
'17208',BZA SNSI EXP   ,15,BHLK,BHALKI         ,'20:51:00','20:52:00',551,BZA ,VIJAYAWADA JN  ,SNSI,SAINAGAR SHIRDI
'17208',BZA SNSI EXP   ,16,UDGR,UDGIR          ,'21:38:00','21:39:00',594,BZA ,VIJAYAWADA JN  ,SNSI,SAINAGAR SHIRDI
'17208',BZA SNSI EXP   ,17,LTRR,LATUR ROAD     ,'22:10:00','22:11:00',627,BZA ,VIJAYAWADA JN  ,SNSI,SAINAGAR SHIRDI
'17208',BZA SNSI EXP   ,18,PRLI,PARLI VAIJNATH ,'00:05:00','00:15:00',690,BZA ,VIJAYAWADA JN  ,SNSI,SAINAGAR SHIRDI
'17208',BZA SNSI EXP   ,19,GNH ,GANGAKHER      ,'00:39:00','00:40:00',720,BZA ,VIJAYAWADA JN  ,SNSI,SAINAGAR SHIRDI
'17208',BZA SNSI EXP   ,20,PBN ,PARBHANI JN    ,'01:20:00','01:30:00',754,BZA ,VIJAYAWADA JN  ,SNSI,SAINAGAR SHIRDI
'17208',BZA SNSI EXP   ,21,MVO ,MANWATH ROAD   ,'01:54:00','01:55:00',781,BZA ,VIJAYAWADA JN  ,SNSI,SAINAGAR SHIRDI
'17208',BZA SNSI EXP   ,22,SELU,SELU           ,'02:09:00','02:10:00',796,BZA ,VIJAYAWADA JN  ,SNSI,SAINAGAR SHIRDI
'17208',BZA SNSI EXP   ,23,PTU ,PARTUR         ,'02:44:00','02:45:00',823,BZA ,VIJAYAWADA JN  ,SNSI,SAINAGAR SHIRDI
'17208',BZA SNSI EXP   ,24,J   ,JALNA          ,'03:25:00','03:27:00',868,BZA ,VIJAYAWADA JN  ,SNSI,SAINAGAR SHIRDI
'17208',BZA SNSI EXP   ,25,AWB ,AURANGABAD     ,'04:55:00','05:00:00',931,BZA ,VIJAYAWADA JN  ,SNSI,SAINAGAR SHIRDI
'17208',BZA SNSI EXP   ,26,LSR ,LASUR          ,'05:29:00','05:30:00',965,BZA ,VIJAYAWADA JN  ,SNSI,SAINAGAR SHIRDI
'17208',BZA SNSI EXP   ,27,RGO ,ROTEGAON       ,'05:59:00','06:00:00',992,BZA ,VIJAYAWADA JN  ,SNSI,SAINAGAR SHIRDI
'17208',BZA SNSI EXP   ,28,NSL ,NAGARSOL       ,'06:40:00','06:45:00',1020,BZA ,VIJAYAWADA JN  ,SNSI,SAINAGAR SHIRDI
'17208',BZA SNSI EXP   ,29,ANKX,ANK MMR DIRECT ,'06:50:00','06:51:00',1037,BZA ,VIJAYAWADA JN  ,SNSI,SAINAGAR SHIRDI
'17208',BZA SNSI EXP   ,30,MMR ,MANMAD JN      ,'07:25:00','07:30:00',1044,BZA ,VIJAYAWADA JN  ,SNSI,SAINAGAR SHIRDI
'17208',BZA SNSI EXP   ,31,KPG ,KOPARGAON      ,'08:23:00','08:25:00',1086,BZA ,VIJAYAWADA JN  ,SNSI,SAINAGAR SHIRDI
'17208',BZA SNSI EXP   ,32,PB  ,PUNTAMBA       ,'08:45:00','08:47:00',1110,BZA ,VIJAYAWADA JN  ,SNSI,SAINAGAR SHIRDI
'17208',BZA SNSI EXP   ,33,SNSI,SAINAGAR SHIRDI,'09:15:00','00:00:00',1127,BZA ,VIJAYAWADA JN  ,SNSI,SAINAGAR SHIRDI
'17231',NS NSL EXP     ,1,NS  ,NARASAPUR      ,'00:00:00','10:25:00',0,NS  ,NARASAPUR      ,NSL ,NAGARSOL       
'17231',NS NSL EXP     ,2,PKO ,PALAKOLLU      ,'10:34:00','10:35:00',9,NS  ,NARASAPUR      ,NSL ,NAGARSOL       
'17231',NS NSL EXP     ,3,BVRT,BHIMAVARAM TOWN,'11:14:00','11:15:00',31,NS  ,NARASAPUR      ,NSL ,NAGARSOL       
'17231',NS NSL EXP     ,4,AKVD,AKIVIDU        ,'11:34:00','11:35:00',49,NS  ,NARASAPUR      ,NSL ,NAGARSOL       
'17231',NS NSL EXP     ,5,KKLR,KAIKALUR       ,'11:54:00','11:55:00',66,NS  ,NARASAPUR      ,NSL ,NAGARSOL       
'17231',NS NSL EXP     ,6,GDV ,GUDIVADA JN    ,'12:30:00','12:32:00',95,NS  ,NARASAPUR      ,NSL ,NAGARSOL       
'17231',NS NSL EXP     ,7,BZA ,VIJAYAWADA JN  ,'13:40:00','14:05:00',139,NS  ,NARASAPUR      ,NSL ,NAGARSOL       
'17231',NS NSL EXP     ,8,MAG ,MANGALAGIRI    ,'14:24:00','14:25:00',151,NS  ,NARASAPUR      ,NSL ,NAGARSOL       
'17231',NS NSL EXP     ,9,GNT ,GUNTUR JN      ,'14:55:00','15:00:00',171,NS  ,NARASAPUR      ,NSL ,NAGARSOL       
'17231',NS NSL EXP     ,10,SAP ,SATTENAPALLE   ,'15:40:00','15:41:00',213,NS  ,NARASAPUR      ,NSL ,NAGARSOL       
'17231',NS NSL EXP     ,11,PGRL,PIDUGURALLA    ,'16:15:00','16:16:00',245,NS  ,NARASAPUR      ,NSL ,NAGARSOL       
'17231',NS NSL EXP     ,12,NDKD,NADIKUDI JN    ,'16:35:00','16:36:00',266,NS  ,NARASAPUR      ,NSL ,NAGARSOL       
'17231',NS NSL EXP     ,13,VNUP,VISHNUPURAM    ,'16:55:00','16:56:00',284,NS  ,NARASAPUR      ,NSL ,NAGARSOL       
'17231',NS NSL EXP     ,14,MRGA,MIRYALAGUDA    ,'17:14:00','17:15:00',304,NS  ,NARASAPUR      ,NSL ,NAGARSOL       
'17231',NS NSL EXP     ,15,NLDA,NALGONDA       ,'18:00:00','18:01:00',342,NS  ,NARASAPUR      ,NSL ,NAGARSOL       
'17231',NS NSL EXP     ,16,SC  ,SECUNDERABAD JN,'21:30:00','22:00:00',452,NS  ,NARASAPUR      ,NSL ,NAGARSOL       
'17231',NS NSL EXP     ,17,KMC ,KAMAREDDI      ,'00:13:00','00:15:00',560,NS  ,NARASAPUR      ,NSL ,NAGARSOL       
'17231',NS NSL EXP     ,18,NZB ,NIZAMABAD      ,'01:10:00','01:15:00',612,NS  ,NARASAPUR      ,NSL ,NAGARSOL       
'17231',NS NSL EXP     ,19,BSX ,BASAR          ,'01:45:00','01:46:00',642,NS  ,NARASAPUR      ,NSL ,NAGARSOL       
'17231',NS NSL EXP     ,20,MUE ,MUDKHED        ,'02:58:00','03:00:00',701,NS  ,NARASAPUR      ,NSL ,NAGARSOL       
'17231',NS NSL EXP     ,21,NED ,H SAHIB NANDED ,'03:35:00','03:40:00',723,NS  ,NARASAPUR      ,NSL ,NAGARSOL       
'17231',NS NSL EXP     ,22,PAU ,PURNA JN       ,'04:25:00','04:30:00',754,NS  ,NARASAPUR      ,NSL ,NAGARSOL       
'17231',NS NSL EXP     ,23,PBN ,PARBHANI JN    ,'04:58:00','05:00:00',782,NS  ,NARASAPUR      ,NSL ,NAGARSOL       
'17231',NS NSL EXP     ,24,J   ,JALNA          ,'06:28:00','06:30:00',897,NS  ,NARASAPUR      ,NSL ,NAGARSOL       
'17231',NS NSL EXP     ,25,AWB ,AURANGABAD     ,'07:30:00','07:35:00',959,NS  ,NARASAPUR      ,NSL ,NAGARSOL       
'17231',NS NSL EXP     ,26,NSL ,NAGARSOL       ,'10:00:00','00:00:00',1048,NS  ,NARASAPUR      ,NSL ,NAGARSOL       
'17255',NS HYDRABAD EXP,1,NS  ,NARASAPUR      ,'00:00:00','18:55:00',0,NS  ,NARASAPUR      ,HYB ,HYDERABAD DECAN
'17255',NS HYDRABAD EXP,2,PKO ,PALAKOLLU      ,'19:05:00','19:06:00',9,NS  ,NARASAPUR      ,HYB ,HYDERABAD DECAN
'17255',NS HYDRABAD EXP,3,VVM ,VIRAVASARAM    ,'19:22:00','19:23:00',19,NS  ,NARASAPUR      ,HYB ,HYDERABAD DECAN
'17255',NS HYDRABAD EXP,4,BVRM,BHIMAVARAM JN  ,'19:45:00','19:50:00',30,NS  ,NARASAPUR      ,HYB ,HYDERABAD DECAN
'17255',NS HYDRABAD EXP,5,BVRT,BHIMAVARAM TOWN,'19:54:00','19:55:00',31,NS  ,NARASAPUR      ,HYB ,HYDERABAD DECAN
'17255',NS HYDRABAD EXP,6,AKVD,AKIVIDU        ,'20:16:00','20:17:00',49,NS  ,NARASAPUR      ,HYB ,HYDERABAD DECAN
'17255',NS HYDRABAD EXP,7,KKLR,KAIKALUR       ,'20:36:00','20:37:00',66,NS  ,NARASAPUR      ,HYB ,HYDERABAD DECAN
'17255',NS HYDRABAD EXP,8,MDVL,MANDAVALLI     ,'20:47:00','20:48:00',73,NS  ,NARASAPUR      ,HYB ,HYDERABAD DECAN
'17255',NS HYDRABAD EXP,9,GDV ,GUDIVADA JN    ,'21:23:00','21:25:00',95,NS  ,NARASAPUR      ,HYB ,HYDERABAD DECAN
'17255',NS HYDRABAD EXP,10,BZA ,VIJAYAWADA JN  ,'22:20:00','22:35:00',139,NS  ,NARASAPUR      ,HYB ,HYDERABAD DECAN
'17255',NS HYDRABAD EXP,11,MAG ,MANGALAGIRI    ,'22:56:00','22:57:00',151,NS  ,NARASAPUR      ,HYB ,HYDERABAD DECAN
'17255',NS HYDRABAD EXP,12,GNT ,GUNTUR JN      ,'23:25:00','23:30:00',171,NS  ,NARASAPUR      ,HYB ,HYDERABAD DECAN
'17255',NS HYDRABAD EXP,13,SAP ,SATTENAPALLE   ,'00:04:00','00:05:00',213,NS  ,NARASAPUR      ,HYB ,HYDERABAD DECAN
'17255',NS HYDRABAD EXP,14,PGRL,PIDUGURALLA    ,'00:30:00','00:31:00',245,NS  ,NARASAPUR      ,HYB ,HYDERABAD DECAN
'17255',NS HYDRABAD EXP,15,NDKD,NADIKUDI JN    ,'01:00:00','01:01:00',266,NS  ,NARASAPUR      ,HYB ,HYDERABAD DECAN
'17255',NS HYDRABAD EXP,16,VNUP,VISHNUPURAM    ,'01:19:00','01:20:00',284,NS  ,NARASAPUR      ,HYB ,HYDERABAD DECAN
'17255',NS HYDRABAD EXP,17,MRGA,MIRYALAGUDA    ,'01:41:00','01:42:00',304,NS  ,NARASAPUR      ,HYB ,HYDERABAD DECAN
'17255',NS HYDRABAD EXP,18,NLDA,NALGONDA       ,'02:19:00','02:20:00',342,NS  ,NARASAPUR      ,HYB ,HYDERABAD DECAN
'17255',NS HYDRABAD EXP,19,BN  ,BIBINAGAR      ,'03:59:00','04:00:00',419,NS  ,NARASAPUR      ,HYB ,HYDERABAD DECAN
'17255',NS HYDRABAD EXP,20,SC  ,SECUNDERABAD JN,'04:55:00','05:00:00',452,NS  ,NARASAPUR      ,HYB ,HYDERABAD DECAN
'17255',NS HYDRABAD EXP,21,HYB ,HYDERABAD DECAN,'05:25:00','00:00:00',461,NS  ,NARASAPUR      ,HYB ,HYDERABAD DECAN
'22816',ERS BILASPUR EX,1,ERS ,ERNAKULAM JN   ,'00:00:00','08:50:00',0,ERS ,ERNAKULAM JN   ,BSP ,BILASPUR JN    
'22816',ERS BILASPUR EX,2,AWY ,ALUVA          ,'09:11:00','09:13:00',20,ERS ,ERNAKULAM JN   ,BSP ,BILASPUR JN    
'22816',ERS BILASPUR EX,3,TCR ,THRISUR        ,'09:52:00','09:55:00',75,ERS ,ERNAKULAM JN   ,BSP ,BILASPUR JN    
'22816',ERS BILASPUR EX,4,PGT ,PALAKKAD       ,'12:15:00','12:20:00',152,ERS ,ERNAKULAM JN   ,BSP ,BILASPUR JN    
'22816',ERS BILASPUR EX,5,CBE ,COIMBATORE JN  ,'13:30:00','13:35:00',206,ERS ,ERNAKULAM JN   ,BSP ,BILASPUR JN    
'22816',ERS BILASPUR EX,6,CBF ,COIMBATORE NRTH,'13:37:00','13:38:00',209,ERS ,ERNAKULAM JN   ,BSP ,BILASPUR JN    
'22816',ERS BILASPUR EX,7,TUP ,TIRUPPUR       ,'14:18:00','14:20:00',256,ERS ,ERNAKULAM JN   ,BSP ,BILASPUR JN    
'22816',ERS BILASPUR EX,8,ED  ,ERODE JN       ,'15:10:00','15:20:00',307,ERS ,ERNAKULAM JN   ,BSP ,BILASPUR JN    
'22816',ERS BILASPUR EX,9,SA  ,SALEM JN       ,'16:16:00','16:20:00',369,ERS ,ERNAKULAM JN   ,BSP ,BILASPUR JN    
'22816',ERS BILASPUR EX,10,JTJ ,JOLARPETTAI    ,'17:53:00','17:55:00',489,ERS ,ERNAKULAM JN   ,BSP ,BILASPUR JN    
'22816',ERS BILASPUR EX,11,KPD ,KATPADI JN     ,'19:03:00','19:05:00',573,ERS ,ERNAKULAM JN   ,BSP ,BILASPUR JN    
'22816',ERS BILASPUR EX,12,AJJ ,ARAKKONAM      ,'20:01:00','20:02:00',634,ERS ,ERNAKULAM JN   ,BSP ,BILASPUR JN    
'22816',ERS BILASPUR EX,13,RU  ,RENIGUNTA JN   ,'21:35:00','21:45:00',706,ERS ,ERNAKULAM JN   ,BSP ,BILASPUR JN    
'22816',ERS BILASPUR EX,14,BZA ,VIJAYAWADA JN  ,'03:55:00','04:05:00',1082,ERS ,ERNAKULAM JN   ,BSP ,BILASPUR JN    
'22816',ERS BILASPUR EX,15,WL  ,WARANGAL       ,'06:43:00','06:45:00',1290,ERS ,ERNAKULAM JN   ,BSP ,BILASPUR JN    
'22816',ERS BILASPUR EX,16,SKZR,SIRPUR KAGAZNGR,'09:23:00','09:25:00',1463,ERS ,ERNAKULAM JN   ,BSP ,BILASPUR JN    
'22816',ERS BILASPUR EX,17,BPQ ,BALHARSHAH     ,'11:30:00','11:40:00',1533,ERS ,ERNAKULAM JN   ,BSP ,BILASPUR JN    
'22816',ERS BILASPUR EX,18,CD  ,CHANDRAPUR     ,'11:56:00','11:59:00',1547,ERS ,ERNAKULAM JN   ,BSP ,BILASPUR JN    
'22816',ERS BILASPUR EX,19,NGP ,NAGPUR         ,'14:45:00','14:55:00',1744,ERS ,ERNAKULAM JN   ,BSP ,BILASPUR JN    
'22816',ERS BILASPUR EX,20,G   ,GONDIA JN      ,'16:47:00','16:49:00',1874,ERS ,ERNAKULAM JN   ,BSP ,BILASPUR JN    
'22816',ERS BILASPUR EX,21,RJN ,RAJ NANDGAON   ,'18:07:00','18:09:00',1978,ERS ,ERNAKULAM JN   ,BSP ,BILASPUR JN    
'22816',ERS BILASPUR EX,22,DURG,DURG           ,'18:50:00','18:55:00',2008,ERS ,ERNAKULAM JN   ,BSP ,BILASPUR JN    
'22816',ERS BILASPUR EX,23,R   ,RAIPUR JN      ,'19:30:00','19:40:00',2044,ERS ,ERNAKULAM JN   ,BSP ,BILASPUR JN    
'22816',ERS BILASPUR EX,24,BYT ,BHATAPARA      ,'20:34:00','20:35:00',2108,ERS ,ERNAKULAM JN   ,BSP ,BILASPUR JN    
'22816',ERS BILASPUR EX,25,BSP ,BILASPUR JN    ,'21:35:00','00:00:00',2155,ERS ,ERNAKULAM JN   ,BSP ,BILASPUR JN    
'57652',RAL SC PASSENGE,1,RAL ,REPALLE        ,'00:00:00','07:00:00',0,RAL ,REPALLE        ,SC  ,SECUNDERABAD JN
'57652',RAL SC PASSENGE,2,POA ,PALLIKONA      ,'07:07:00','07:08:00',6,RAL ,REPALLE        ,SC  ,SECUNDERABAD JN
'57652',RAL SC PASSENGE,3,BQU ,BHATTIPROLU    ,'07:16:00','07:17:00',11,RAL ,REPALLE        ,SC  ,SECUNDERABAD JN
'57652',RAL SC PASSENGE,4,PUMU,PENUMARRU      ,'07:22:00','07:23:00',14,RAL ,REPALLE        ,SC  ,SECUNDERABAD JN
'57652',RAL SC PASSENGE,5,VMU ,VEMURU         ,'07:32:00','07:33:00',21,RAL ,REPALLE        ,SC  ,SECUNDERABAD JN
'57652',RAL SC PASSENGE,6,ZPI ,ZAMPANI HALT   ,'07:40:00','07:41:00',25,RAL ,REPALLE        ,SC  ,SECUNDERABAD JN
'57652',RAL SC PASSENGE,7,CIV ,CHINNARAVURU   ,'07:50:00','07:51:00',31,RAL ,REPALLE        ,SC  ,SECUNDERABAD JN
'57652',RAL SC PASSENGE,8,TEL ,TENALI JN      ,'08:00:00','08:15:00',34,RAL ,REPALLE        ,SC  ,SECUNDERABAD JN
'57652',RAL SC PASSENGE,9,AKU ,ANGALAKUDURU   ,'08:21:00','08:22:00',38,RAL ,REPALLE        ,SC  ,SECUNDERABAD JN
'57652',RAL SC PASSENGE,10,SJL ,SGM JAGARLAMUDI,'08:27:00','08:28:00',43,RAL ,REPALLE        ,SC  ,SECUNDERABAD JN
'57652',RAL SC PASSENGE,11,VJA ,VEJANDLA       ,'08:33:00','08:34:00',48,RAL ,REPALLE        ,SC  ,SECUNDERABAD JN
'57652',RAL SC PASSENGE,12,GNT ,GUNTUR JN      ,'09:10:00','09:20:00',60,RAL ,REPALLE        ,SC  ,SECUNDERABAD JN
'57652',RAL SC PASSENGE,13,NLPD,NALLAPADU      ,'09:36:00','09:37:00',65,RAL ,REPALLE        ,SC  ,SECUNDERABAD JN
'57652',RAL SC PASSENGE,14,BDPL,BANDARUPALLE   ,'09:46:00','09:47:00',73,RAL ,REPALLE        ,SC  ,SECUNDERABAD JN
'57652',RAL SC PASSENGE,15,MDPD,MANDAPADU      ,'09:54:00','09:55:00',79,RAL ,REPALLE        ,SC  ,SECUNDERABAD JN
'57652',RAL SC PASSENGE,16,SRPM,SIRIPURAM      ,'10:00:00','10:01:00',83,RAL ,REPALLE        ,SC  ,SECUNDERABAD JN
'57652',RAL SC PASSENGE,17,LIN ,LINGAMGUNTLA   ,'10:05:00','10:06:00',86,RAL ,REPALLE        ,SC  ,SECUNDERABAD JN
'57652',RAL SC PASSENGE,18,PKPU,PEDDAKURAPADU  ,'10:12:00','10:13:00',89,RAL ,REPALLE        ,SC  ,SECUNDERABAD JN
'57652',RAL SC PASSENGE,19,GPDE,GUDIPUDI       ,'10:19:00','10:20:00',95,RAL ,REPALLE        ,SC  ,SECUNDERABAD JN
'57652',RAL SC PASSENGE,20,SAP ,SATTENAPALLE   ,'10:25:00','10:26:00',102,RAL ,REPALLE        ,SC  ,SECUNDERABAD JN
'57652',RAL SC PASSENGE,21,REM ,REDDIGUDEM     ,'10:39:00','10:40:00',114,RAL ,REPALLE        ,SC  ,SECUNDERABAD JN
'57652',RAL SC PASSENGE,22,BMKD,BELLAMKONDA    ,'10:49:00','10:50:00',120,RAL ,REPALLE        ,SC  ,SECUNDERABAD JN
'57652',RAL SC PASSENGE,23,PGRL,PIDUGURALLA    ,'11:04:00','11:05:00',134,RAL ,REPALLE        ,SC  ,SECUNDERABAD JN
'57652',RAL SC PASSENGE,24,TMLU,TUMMALACHERUVU ,'11:15:00','11:16:00',143,RAL ,REPALLE        ,SC  ,SECUNDERABAD JN
'57652',RAL SC PASSENGE,25,NDKD,NADIKUDI JN    ,'11:40:00','11:41:00',155,RAL ,REPALLE        ,SC  ,SECUNDERABAD JN
'57652',RAL SC PASSENGE,26,PDGL,PONDUGULA      ,'11:54:00','11:55:00',164,RAL ,REPALLE        ,SC  ,SECUNDERABAD JN
'57652',RAL SC PASSENGE,27,VNUP,VISHNUPURAM    ,'12:09:00','12:10:00',173,RAL ,REPALLE        ,SC  ,SECUNDERABAD JN
'57652',RAL SC PASSENGE,28,MRGA,MIRYALAGUDA    ,'12:40:00','12:42:00',193,RAL ,REPALLE        ,SC  ,SECUNDERABAD JN
'57652',RAL SC PASSENGE,29,TPPI,THIPPARTHI     ,'12:59:00','13:00:00',214,RAL ,REPALLE        ,SC  ,SECUNDERABAD JN
'57652',RAL SC PASSENGE,30,NLDA,NALGONDA       ,'13:20:00','13:21:00',231,RAL ,REPALLE        ,SC  ,SECUNDERABAD JN
'57652',RAL SC PASSENGE,31,SRMR,SRIRAMPURAM    ,'13:34:00','13:35:00',241,RAL ,REPALLE        ,SC  ,SECUNDERABAD JN
'57652',RAL SC PASSENGE,32,CTYL,CHITYALA       ,'13:49:00','13:50:00',257,RAL ,REPALLE        ,SC  ,SECUNDERABAD JN
'57652',RAL SC PASSENGE,33,RMNP,RAMANNAPETA    ,'14:14:00','14:15:00',266,RAL ,REPALLE        ,SC  ,SECUNDERABAD JN
'57652',RAL SC PASSENGE,34,VLG ,VALIGONDA      ,'14:24:00','14:25:00',278,RAL ,REPALLE        ,SC  ,SECUNDERABAD JN
'57652',RAL SC PASSENGE,35,MMPR,MAMDAPUR HALT  ,'14:29:00','14:30:00',281,RAL ,REPALLE        ,SC  ,SECUNDERABAD JN
'57652',RAL SC PASSENGE,36,NRDP,NAGIREDDIPALLI ,'14:34:00','14:35:00',288,RAL ,REPALLE        ,SC  ,SECUNDERABAD JN
'57652',RAL SC PASSENGE,37,BN  ,BIBINAGAR      ,'15:39:00','15:40:00',308,RAL ,REPALLE        ,SC  ,SECUNDERABAD JN
'57652',RAL SC PASSENGE,38,GT  ,GHATKESAR      ,'15:49:00','15:50:00',321,RAL ,REPALLE        ,SC  ,SECUNDERABAD JN
'57652',RAL SC PASSENGE,39,CHZ ,CHARLAPALLI    ,'15:59:00','16:00:00',328,RAL ,REPALLE        ,SC  ,SECUNDERABAD JN
'57652',RAL SC PASSENGE,40,MLY ,MAULA ALI      ,'16:18:00','16:19:00',335,RAL ,REPALLE        ,SC  ,SECUNDERABAD JN
'57652',RAL SC PASSENGE,41,SC  ,SECUNDERABAD JN,'17:10:00','00:00:00',341,RAL ,REPALLE        ,SC  ,SECUNDERABAD JN
